[{
  "_id": {
    "$oid": "6053bc9f0d8294a40618d457"
  },
  "Device": "Radeon",
  "Driver": "2.0.179",
  "Api": "2.0.179",
  "Vendor": "2.0.179",
  "Type": "Discrete",
  "OS": "Windows",
  "platform": "x86",
  "feature": {
    "GeometryShader": 1,
    "TesselationShader": 1,
    "ShaderInt16": 1,
    "SparseBinding": 1,
    "TextureCompressionETC2": 1,
    "VertexPipelineStoreandAtomic": 1
  }
},{
  "_id": {
    "$oid": "6055b1dff31cce29ac891498"
  },
  "Device": "Apple A8 GPU",
  "Driver": "0.2.1910",
  "Api": "1.1.170",
  "Vendor": "Apple",
  "Type": "Integrated",
  "OS": "iOS",
  "platform": "x86_64",
  "feature": {
    "GeometryShader": 1,
    "TesselationShader": 1,
    "ShaderInt16": 1,
    "SparseBinding": 1,
    "TextureCompressionETC2": 1,
    "VertexPipelineStoreandAtomic": 1
  }
},{
  "_id": {
    "$oid": "6055b1dff31cce29ac891499"
  },
  "Device": "Int(R) HD Graphics 620 (KBL GT2)",
  "Driver": "20.0.8",
  "Api": "1.2.131",
  "Vendor": "Intel",
  "Type": "Integrated",
  "OS": "zorin",
  "platform": "x86_64",
  "feature": {
    "GeometryShader": 1,
    "TesselationShader": 1,
    "ShaderInt16": 1,
    "SparseBinding": 1,
    "TextureCompressionETC2": 1,
    "VertexPipelineStoreandAtomic": 1
  }
},{
  "_id": {
    "$oid": "6055b1dff31cce29ac89149a"
  },
  "Device": "AMD RADV POLARIS12 (ACO)",
  "Driver": "21.0.99",
  "Api": "1.2.168",
  "Vendor": "AMD",
  "Type": "Discrete",
  "OS": "arch",
  "platform": "x86_64",
  "feature": {
    "GeometryShader": 1,
    "TesselationShader": 1,
    "ShaderInt16": 1,
    "SparseBinding": 1,
    "TextureCompressionETC2": 1,
    "VertexPipelineStoreandAtomic": 1
  }
},{
  "_id": {
    "$oid": "6055b1dff31cce29ac89149b"
  },
  "Device": "AMD RADV RAVEN (ACO)",
  "Driver": "20.34",
  "Api": "1.2.145",
  "Vendor": "AMD",
  "Type": "Integrated",
  "OS": "garuda",
  "platform": "x86_64",
  "feature": {
    "GeometryShader": 1,
    "TesselationShader": 1,
    "ShaderInt16": 1,
    "SparseBinding": 1,
    "TextureCompressionETC2": 1,
    "VertexPipelineStoreandAtomic": 1
  }
},{
  "_id": {
    "$oid": "6055b1dff31cce29ac89149c"
  },
  "Device": "Apple A8 GPU",
  "Driver": "0.2.1910",
  "Api": "1.1.170",
  "Vendor": "Apple",
  "Type": "Integrated",
  "OS": "ios",
  "platform": "arm64",
  "feature": {
    "GeometryShader": 1,
    "TesselationShader": 1,
    "ShaderInt16": 1,
    "SparseBinding": 1,
    "TextureCompressionETC2": 1,
    "VertexPipelineStoreandAtomic": 1
  }
},{
  "_id": {
    "$oid": "6055b1dff31cce29ac89149d"
  },
  "Device": "Yulong CP3706AS",
  "Driver": "512.415.0",
  "Api": "1.1.87",
  "Vendor": "Qualcomm",
  "Type": "Integrated",
  "OS": "android",
  "platform": "arm64",
  "feature": {
    "GeometryShader": 1,
    "TesselationShader": 1,
    "ShaderInt16": 1,
    "SparseBinding": 1,
    "TextureCompressionETC2": 1,
    "VertexPipelineStoreandAtomic": 1
  }
},{
  "_id": {
    "$oid": "6055b1dff31cce29ac89149e"
  },
  "Device": "TITAN V",
  "Driver": "460.67.0.0",
  "Api": "1.2.155",
  "Vendor": "NVIDIA",
  "Type": "Discrete",
  "OS": "ubuntu",
  "platform": "x86_64",
  "feature": {
    "GeometryShader": 1,
    "TesselationShader": 1,
    "ShaderInt16": 1,
    "SparseBinding": 1,
    "TextureCompressionETC2": 1,
    "VertexPipelineStoreandAtomic": 1
  }
},{
  "_id": {
    "$oid": "6055b1dff31cce29ac89149f"
  },
  "Device": "llvmpipe (LLVM 12.0.0, 256bit)",
  "Driver": "0.0.1",
  "Api": "1.0.168",
  "Vendor": "Mesa",
  "Type": "CPU",
  "OS": "ubuntu",
  "platform": "x86_64",
  "feature": {
    "GeometryShader": 1,
    "TesselationShader": 1,
    "ShaderInt16": 1,
    "SparseBinding": 1,
    "TextureCompressionETC2": 1,
    "VertexPipelineStoreandAtomic": 1
  }
},{
  "_id": {
    "$oid": "6055b1dff31cce29ac8914a0"
  },
  "Device": "Radeon RX Vega",
  "Driver": "2.0.167",
  "Api": "1.2.159",
  "Vendor": "AMD",
  "Type": "Discrete",
  "OS": "ubuntu",
  "platform": "x86_64",
  "feature": {
    "GeometryShader": 1,
    "TesselationShader": 1,
    "ShaderInt16": 1,
    "SparseBinding": 1,
    "TextureCompressionETC2": 1,
    "VertexPipelineStoreandAtomic": 1
  }
},{
  "_id": {
    "$oid": "6055b1dff31cce29ac8914a1"
  },
  "Device": "Radeon RX Vega",
  "Driver": "2.0.167",
  "Api": "1.2.159",
  "Vendor": "AMD",
  "Type": "Discrete",
  "OS": "ubuntu",
  "platform": "x86_64",
  "feature": {
    "GeometryShader": 1,
    "TesselationShader": 1,
    "ShaderInt16": 1,
    "SparseBinding": 1,
    "TextureCompressionETC2": 1,
    "VertexPipelineStoreandAtomic": 1
  }
}]